{
  "time": {
    "secondToNanosecond": [[0, 1], [0, 1e9]],
    "secondToMicrosecond": [[0, 1], [0, 1e6]],
    "secondToMillisecond": [[0, 1], [0, 1e3]],
    "secondToMinute": [[0, 60], [0, 1]],
    "secondToHour": [[0, 3600], [0, 1]],
    "secondToDay": [[0, 86400], [0, 1]],
    "secondToWeek": [[0, 604800], [0, 1]],
    "secondToMonth": [[0, 2629746], [0, 1]],
    "secondToYear": [[0, 31556952], [0, 1]],
    "secondToDecade": [[0, 315569520], [0, 1]],
    "secondToCentury": [[0, 3155695200], [0, 1]],
    "secondToMillennium": [[0, 31556952000], [0, 1]]
  },
  "electricCurrent": {
    "ampereToAbampere": [[0, 10], [0, 1]]
  },
  "amountOfSubstance": {
    "moleToPoundMole": [[0, 453.59237], [0, 1]]
  },
  "velocity": {
    "metresSecondToMilesHour": [[0, 1], [0, 2.236936292054402]],
    "metresSecondToFeetSecond": [[0, 1], [0, 3.280839895013123]],
    "metresSecondToKilometresHour": [[0, 1], [0, 3.6]],
    "metresSecondToKnot": [[0, 1], [0, 1.943844492440605]]
  },
  "area": {
    "squareMetreToSquareKilometre": [[0, 1e6], [0, 1]],
    "squareMetreToHectare": [[0, 1e4], [0, 1]],
    "squareMetreToSquareMile": [[0, 2589988.110336], [0, 1]],
    "squareMetreToAcre": [[0, 4046.8564224], [0, 1]],
    "squareMetreToSquareYard": [[0, 0.83612736], [0, 1]],
    "squareMetreToSquareFoot": [[0, 0.09290304], [0, 1]],
    "squareMetreToSquareInch": [[0, 0.00064516], [0, 1]]
  },
  "volume": {
    "cubicMetreToMillilitre": [[0, 1], [0, 1e6]],
    "cubicMetreToLitre": [[0, 1], [0, 1e3]],
    "cubicMetreToCubicInch": [[0, 0.000016387064], [0, 1]],
    "cubicMetreToCubicFoot": [[0, 0.028316846592000004], [0, 1]],
    "cubicMetreToImperialFluidOunce": [[0, 0.0000284130625], [0, 1]],
    "cubicMetreToImperialGill": [[0, 0.0001420653125], [0, 1]],
    "cubicMetreToImperialPint": [[0, 0.00056826125], [0, 1]],
    "cubicMetreToImperialQuart": [[0, 0.0011365225], [0, 1]],
    "cubicMetreToImperialGallon": [[0, 0.00454609], [0, 1]],
    "cubicMetreToUSDram": [[0, 0.0000036966911953125], [0, 1]],
    "cubicMetreToUSFluidOunce": [[0, 0.0000295735295625], [0, 1]],
    "cubicMetreToUSGill": [[0, 0.00011829411825], [0, 1]],
    "cubicMetreToUSCup": [[0, 0.0002365882365], [0, 1]],
    "cubicMetreToUSPint": [[0, 0.000473176473], [0, 1]],
    "cubicMetreToUSQuart": [[0, 0.000946352946], [0, 1]],
    "cubicMetreToUSGallon": [[0, 0.003785411784], [0, 1]]
  },
  "luminousIntensity": {
    "candelaToCandlepower": [[0, 0.981], [0, 1]],
    "candelaToHefnerkerze": [[0, 0.920], [0, 1]]
  },
  "angle": {
    "radianToTurn": [[0, 6.283185307179586], [0, 1]],
    "radianToDegree": [[0, 6.283185307179586], [0, 360]],
    "radianToGradian": [[0, 6.283185307179586], [0, 400]]
  },
  "digitalInformation": {
    "byteToBit": [[0, 1], [0, 8]],
    "byteToKibibyte": [[0, 1024], [0, 1]],
    "byteToMebibyte": [[0, 1048576], [0, 1]],
    "byteToGibibyte": [[0, 1073741824], [0, 1]],
    "byteToTebibyte": [[0, 1099511627776], [0, 1]],
    "byteToPebibyte": [[0, 1125899906842624], [0, 1]],
    "byteToExbibyte": [[0, 1152921504606846976], [0, 1]],
    "byteToZebibyte": [[0, 1180591620717411303424], [0, 1]],
    "byteToYobibyte": [[0, 1208925819614629174706176], [0, 1]]
  }
}
